date,pollster,client,area,sample_size,Lab,Con,Ref,LD,Grn,SNP,PC,RB,Others,survey_start
2026-07-10,Opinium,The Observer,GB,2050,19.0,18.0,24.0,12.0,16.0,3.0,1.0,,7.0,2026-07-07
2026-07-09,Find Out Now,N/A,GB,2076,18.0,20.0,23.0,13.0,16.0,3.0,1.0,,5.0,2026-07-08
2026-07-06,YouGov,The Times/Sky News,GB,2285,20.0,21.0,25.0,12.0,13.0,3.0,2.0,3.0,2.0,2026-07-05
2026-07-06,More in Common,N/A,GB,2119,21.0,22.0,27.0,11.0,10.0,2.0,1.0,,5.0,2026-07-03
2026-07-05,Freshwater Strategy,City AM,GB,1240,20.0,21.0,29.0,12.0,12.0,2.0,,,4.0,2026-07-03
2026-07-03,Opinium,The Observer,GB,2050,20.0,19.0,26.0,11.0,14.0,3.0,1.0,,6.0,2026-07-01
2026-07-02,Find Out Now,N/A,GB,2002,21.0,19.0,25.0,10.0,16.0,2.0,1.0,,6.0,2026-07-01
2026-06-30,Ipsos,N/A,GB,1045,24.0,18.0,26.0,11.0,13.0,3.0,2.0,3.0,0.0,2026-06-25
2026-06-30,Find Out Now/Electoral Calculus (MRP),PLMR,GB,5545,20.0,18.0,23.0,11.0,15.0,3.0,1.0,7.0,2.0,2026-06-23
2026-06-29,YouGov,The Times/Sky News,GB,2437,20.0,20.0,24.0,13.0,13.0,3.0,1.0,3.0,,2026-06-28
2026-06-29,Lord Ashcroft Polls,Mail on Sunday,GB,5064,21.0,21.0,21.0,9.0,17.0,3.0,1.0,,6.0,2026-06-25
2026-06-28,More in Common,N/A,GB,2852,24.0,20.0,28.0,12.0,10.0,2.0,,,3.0,2026-06-26
2026-06-26,Opinium,The Observer,GB,2050,21.0,17.0,26.0,12.0,12.0,3.0,1.0,6.0,2.0,2026-06-24
2026-06-25,Find Out Now,N/A,GB,2140,21.0,18.0,24.0,12.0,15.0,3.0,1.0,,6.0,2026-06-24
2026-06-24,BMG Research,The i Paper,GB,1508,23.0,20.0,27.0,11.0,13.0,3.0,1.0,,2.0,2026-06-23
2026-06-22,YouGov,The Times/Sky News,GB,2345,18.0,20.0,25.0,14.0,15.0,3.0,1.0,3.0,,2026-06-21
2026-06-22,More in Common,N/A,GB,2993,22.0,20.0,23.0,11.0,11.0,3.0,0.0,7.0,3.0,2026-06-19
2026-06-22,More in Common,N/A,GB,2993,21.0,22.0,28.0,12.0,10.0,3.0,1.0,,3.0,2026-06-19
2026-06-22,YouGov,N/A,GB,19583,18.0,19.0,25.0,13.0,15.0,3.0,1.0,4.0,,2026-06-02
2026-06-19,Opinium,The Observer,GB,2050,20.0,18.0,27.0,12.0,14.0,3.0,1.0,,5.0,2026-06-17
2026-06-19,JL Partners,The Sun,GB,1946,21.0,21.0,27.0,12.0,11.0,,,,8.0,2026-06-16
2026-06-18,Find Out Now,N/A,GB,2113,15.0,18.0,27.0,12.0,17.0,3.0,2.0,,7.0,2026-06-17
2026-06-15,YouGov,The Times/Sky News,GB,2308,19.0,19.0,24.0,13.0,15.0,3.0,2.0,4.0,,2026-06-14
2026-06-15,More in Common,N/A,GB,2097,22.0,21.0,29.0,13.0,9.0,2.0,1.0,,3.0,2026-06-12
2026-06-15,Deltapoll,N/A,GB,2035,20.0,17.0,28.0,12.0,13.0,3.0,1.0,,4.0,2026-06-12
2026-06-15,Survation,N/A,GB,1003,19.0,20.0,27.0,12.0,11.0,3.0,2.0,2.0,4.0,2026-06-11
2026-06-11,Find Out Now,N/A,GB,2113,16.0,18.0,25.0,13.0,17.0,3.0,2.0,,6.0,2026-06-10
2026-06-09,More in Common,N/A,GB,2087,20.0,20.0,30.0,12.0,11.0,3.0,1.0,,3.0,2026-06-05
2026-06-08,YouGov,The Times/Sky News,GB,2267,19.0,19.0,25.0,12.0,14.0,3.0,2.0,3.0,,2026-06-07
2026-06-07,Good Growth Foundation,N/A,GB,4000,20.0,19.0,27.0,12.0,13.0,3.0,1.0,,5.0,2026-05-31
2026-06-05,Opinium,The Observer,GB,2050,20.0,17.0,29.0,11.0,14.0,3.0,1.0,,5.0,2026-06-03
2026-06-04,Find Out Now,N/A,GB,2940,15.0,17.0,27.0,11.0,17.0,3.0,1.0,,7.0,2026-06-03
2026-06-01,YouGov,The Times/Sky News,GB,2342,18.0,18.0,27.0,13.0,15.0,3.0,1.0,3.0,,2026-05-31
2026-06-01,More in Common,N/A,GB,2211,22.0,21.0,29.0,12.0,10.0,2.0,1.0,,2.0,2026-05-29
2026-05-31,Freshwater Strategy,City AM,GB,1237,19.0,19.0,28.0,14.0,12.0,3.0,,,5.0,2026-05-29
2026-05-28,BMG Research,The i Paper,GB,1511,21.0,17.0,29.0,12.0,12.0,2.0,1.0,,5.0,2026-05-26
2026-05-27,Find Out Now,N/A,GB,2111,16.0,18.0,25.0,12.0,19.0,3.0,1.0,,6.0,2026-05-27
2026-05-26,YouGov,The Times/Sky News,GB,2354,17.0,19.0,24.0,14.0,16.0,3.0,2.0,3.0,,2026-05-25
2026-05-26,Lord Ashcroft Polls,Mail on Sunday,GB,5263,19.0,21.0,21.0,11.0,18.0,3.0,1.0,,6.0,2026-05-21
2026-05-25,More in Common,N/A,GB,2111,20.0,19.0,30.0,12.0,13.0,3.0,1.0,,3.0,2026-05-22
2026-05-22,Opinium,The Observer,GB,1500,20.0,18.0,27.0,12.0,15.0,3.0,1.0,,4.0,2026-05-20
2026-05-21,Find Out Now,N/A,GB,2773,17.0,17.0,26.0,13.0,17.0,3.0,2.0,,5.0,2026-05-20
2026-05-21,JL Partners,The Sun,GB,1741,21.0,19.0,29.0,12.0,12.0,3.0,1.0,,4.0,2026-05-14
2026-05-20,Ipsos,N/A,GB,1137,20.0,19.0,27.0,12.0,14.0,3.0,2.0,2.0,1.0,2026-05-15
2026-05-19,More in Common,N/A,GB,2599,23.0,18.0,29.0,13.0,10.0,3.0,1.0,,3.0,2026-05-15
2026-05-18,YouGov,The Times/Sky News,GB,2356,17.0,18.0,25.0,14.0,15.0,3.0,1.0,4.0,,2026-05-17
2026-05-18,Deltapoll,N/A,GB,1921,20.0,17.0,28.0,11.0,13.0,5.0,1.0,,6.0,2026-05-15
2026-05-15,Techne,N/A,UK,1639,17.0,17.0,29.0,12.0,16.0,3.0,,3.0,3.0,2026-05-13
2026-05-14,Trajectory Partnership,N/A,GB,1459,24.0,17.0,25.0,10.0,10.0,3.0,1.0,,,2026-05-05
2026-05-13,Find Out Now,N/A,GB,2922,15.0,19.0,25.0,13.0,18.0,4.0,2.0,,5.0,2026-05-13
2026-05-12,More in Common,N/A,GB,3070,21.0,19.0,30.0,14.0,11.0,3.0,1.0,,2.0,2026-05-09
2026-05-11,YouGov,The Times/Sky News,GB,2338,16.0,17.0,28.0,13.0,16.0,3.0,2.0,3.0,,2026-05-10
2026-05-10,Freshwater Strategy,City AM,GB,1243,18.0,20.0,29.0,14.0,12.0,3.0,,,5.0,2026-05-09
2026-05-08,Opinium,The Observer,GB,2050,19.0,18.0,28.0,11.0,16.0,3.0,1.0,,4.0,2026-05-06
2026-05-06,Find Out Now,N/A,GB,2035,16.0,20.0,25.0,11.0,20.0,3.0,1.0,,5.0,2026-05-06
2026-05-05,YouGov,N/A,GB,2377,18.0,17.0,25.0,14.0,15.0,3.0,1.0,4.0,,2026-05-04
2026-05-04,More in Common,N/A,GB,2016,21.0,20.0,28.0,12.0,12.0,2.0,1.0,,5.0,2026-05-01
2026-05-01,Opinium,The Observer,GB,2051,19.0,18.0,27.0,12.0,15.0,3.0,1.0,,4.0,2026-04-29
2026-05-01,Deltapoll,The Mirror,GB,3353,21.0,19.0,29.0,9.0,12.0,3.0,1.0,,6.0,2026-04-26
2026-04-30,BMG Research,The i Paper,GB,1521,19.0,17.0,28.0,12.0,16.0,3.0,1.0,,5.0,2026-04-29
2026-04-29,Find Out Now,N/A,GB,3005,17.0,18.0,24.0,11.0,20.0,3.0,1.0,,7.0,2026-04-29
2026-04-27,YouGov,N/A,GB,2354,18.0,19.0,26.0,13.0,15.0,2.0,1.0,3.0,,2026-04-26
2026-04-27,More in Common,N/A,GB,2041,20.0,21.0,27.0,11.0,13.0,3.0,1.0,,3.0,2026-04-24
2026-04-27,Lord Ashcroft Polls,N/A,GB,5094,18.0,20.0,21.0,11.0,20.0,3.0,1.0,,6.0,2026-04-23
2026-04-24,Techne,N/A,UK,1645,17.0,18.0,26.0,13.0,16.0,3.0,,3.0,4.0,2026-04-22
2026-04-24,Opinium,The Observer,GB,2050,19.0,17.0,28.0,12.0,15.0,2.0,1.0,,5.0,2026-04-22
2026-04-23,Find Out Now,N/A,GB,2656,15.0,16.0,25.0,11.0,21.0,3.0,2.0,,7.0,2026-04-22
2026-04-20,YouGov,The Times/Sky News,GB,2472,16.0,17.0,27.0,14.0,17.0,3.0,1.0,3.0,,2026-04-19
2026-04-20,More in Common,N/A,GB,2235,20.0,22.0,27.0,11.0,12.0,3.0,1.0,,5.0,2026-04-17
2026-04-17,Opinium,The Observer,GB,2014,22.0,17.0,26.0,11.0,15.0,3.0,1.0,,5.0,2026-04-15
2026-04-16,Find Out Now,Restore Britain,GB,2284,17.0,18.0,21.0,11.0,18.0,3.0,1.0,9.0,,2026-04-15
2026-04-16,Trajectory Partnership,N/A,GB,1457,25.0,17.0,26.0,11.0,12.0,4.0,1.0,,,2026-04-07
2026-04-15,Find Out Now,N/A,GB,2032,16.0,17.0,26.0,11.0,20.0,3.0,1.0,,6.0,2026-04-15
2026-04-15,Ipsos,N/A,GB,1044,19.0,19.0,25.0,14.0,17.0,2.0,1.0,3.0,1.0,2026-04-09
2026-04-13,YouGov,The Times/Sky News,GB,2367,17.0,19.0,24.0,13.0,18.0,3.0,1.0,4.0,,2026-04-12
2026-04-13,More in Common,N/A,GB,2011,21.0,22.0,25.0,12.0,13.0,2.0,0.0,,3.0,2026-04-10
2026-04-12,Freshwater Strategy,City AM,GB,1250,22.0,19.0,26.0,13.0,15.0,2.0,,,4.0,2026-04-10
2026-04-09,JL Partners,The Spectator,GB,3506,21.0,18.0,28.0,11.0,14.0,3.0,1.0,,4.0,2026-04-08
2026-04-08,Find Out Now,N/A,GB,2869,16.0,17.0,25.0,11.0,20.0,3.0,2.0,,7.0,2026-04-08
2026-04-07,YouGov,The Times/Sky News,GB,2320,16.0,19.0,24.0,13.0,16.0,3.0,1.0,4.0,,2026-04-06
2026-04-07,More in Common,N/A,GB,2009,20.0,19.0,30.0,12.0,12.0,2.0,1.0,,3.0,2026-04-02
2026-04-07,Find Out Now/ Electoral Calculus (MRP),PLMR,GB,5599,17.0,21.0,24.0,11.0,15.0,3.0,1.0,,8.0,2026-03-27
2026-04-02,Find Out Now,N/A,GB,2330,15.0,18.0,26.0,10.0,20.0,3.0,1.0,,7.0,2026-04-01
2026-04-01,Good Growth Foundation,N/A,GB,2005,20.0,19.0,27.0,12.0,15.0,2.0,1.0,,4.0,2026-03-27
2026-03-30,YouGov,The Times/Sky News,GB,2368,18.0,19.0,23.0,12.0,19.0,3.0,1.0,,5.0,2026-03-29
2026-03-30,More in Common,N/A,GB,2003,19.0,21.0,30.0,11.0,12.0,2.0,1.0,,4.0,2026-03-28
2026-03-30,Lord Ashcroft Polls,N/A,GB,5447,17.0,21.0,21.0,9.0,21.0,3.0,1.0,,7.0,2026-03-26
2026-03-30,More in Common (MRP),The Times,GB,15482,20.0,21.0,28.0,13.0,12.0,2.0,1.0,,3.0,2026-03-01
2026-03-27,Find Out Now,N/A,GB,3092,16.0,18.0,24.0,12.0,20.0,3.0,1.0,,7.0,2026-03-26
2026-03-26,BMG Research,The i Paper,GB,1507,19.0,18.0,28.0,12.0,16.0,2.0,1.0,,4.0,2026-03-25
2026-03-25,Find Out Now,Restore Britain,GB,2948,16.0,16.0,25.0,10.0,19.0,3.0,1.0,8.0,,2026-03-25
2026-03-23,YouGov,The Times/Sky News,GB,2435,19.0,17.0,23.0,13.0,18.0,4.0,1.0,,4.0,2026-03-22
2026-03-23,Verian,N/A,GB,1236,15.0,18.0,25.0,14.0,20.0,2.0,2.0,,5.0,2026-03-20
2026-03-22,More in Common,N/A,GB,2408,19.0,20.0,27.0,14.0,12.0,3.0,1.0,,4.0,2026-03-20
2026-03-20,Opinium,The Observer,GB,2050,21.0,17.0,27.0,12.0,15.0,3.0,1.0,,5.0,2026-03-18
2026-03-18,Find Out Now,N/A,GB,2549,16.0,17.0,25.0,11.0,19.0,3.0,1.0,,7.0,2026-03-18
2026-03-16,YouGov,The Times/Sky News,GB,2329,17.0,17.0,25.0,14.0,19.0,2.0,1.0,,4.0,2026-03-15
2026-03-16,More in Common,N/A,GB,2402,20.0,21.0,28.0,12.0,13.0,2.0,1.0,,4.0,2026-03-13
2026-03-12,Techne,N/A,UK,1639,17.0,18.0,27.0,14.0,17.0,3.0,,,4.0,2026-03-10
2026-03-11,Find Out Now,N/A,GB,2793,15.0,17.0,26.0,11.0,21.0,3.0,1.0,,7.0,2026-03-11
2026-03-11,Ipsos,N/A,GB,1062,21.0,17.0,28.0,9.0,17.0,4.0,0.0,,4.0,2026-03-05
2026-03-11,Trajectory Partnership,N/A,GB,1456,27.0,19.0,24.0,10.0,12.0,4.0,1.0,,,2026-03-03
2026-03-10,YouGov,The Times/Sky News,GB,2246,17.0,19.0,23.0,14.0,19.0,2.0,2.0,,4.0,2026-03-09
2026-03-10,Focaldata,N/A,GB,1086,20.0,18.0,27.0,14.0,13.0,2.0,1.0,2.0,,2026-03-06
2026-03-09,More in Common,N/A,GB,2112,22.0,19.0,30.0,13.0,11.0,2.0,1.0,,3.0,2026-03-06
2026-03-06,Convergent Opinion,Meliore,GB,2189,19.0,19.0,24.0,13.0,15.0,3.0,1.0,,6.0,2026-03-05
2026-03-06,Opinium,The Observer,GB,2050,21.0,16.0,29.0,10.0,14.0,3.0,1.0,,5.0,2026-03-04
2026-03-06,Find Out Now,N/A,GB,2548,15.0,17.0,27.0,10.0,21.0,2.0,1.0,,6.0,2026-03-04
2026-03-05,Survation,N/A,UK,1045,21.0,18.0,29.0,10.0,12.0,2.0,2.0,,5.0,2026-03-05
2026-03-05,BMG Research,The i Paper,GB,1503,20.0,18.0,27.0,12.0,14.0,2.0,0.0,,6.0,2026-03-04
2026-03-05,JL Partners,The Sun,GB,2573,20.0,20.0,27.0,12.0,14.0,3.0,1.0,,4.0,2026-03-02
2026-03-02,YouGov,The Times/Sky News,GB,2073,16.0,16.0,23.0,14.0,21.0,3.0,1.0,,5.0,2026-03-01
2026-03-02,More in Common,N/A,GB,2010,18.0,19.0,29.0,14.0,14.0,3.0,1.0,,3.0,2026-02-27
2026-03-01,Freshwater Strategy,City AM,GB,1221,18.0,18.0,30.0,13.0,15.0,3.0,,,3.0,2026-02-27
2026-03-01,Convergent Opinion,Persuasion UK,GB,4988,20.0,17.0,25.0,12.0,14.0,3.0,1.0,,7.0,2026-02-27
2026-02-27,Opinium,The Observer,GB,2050,18.0,18.0,30.0,12.0,13.0,3.0,0.0,,6.0,2026-02-25
2026-02-25,Find Out Now,N/A,GB,2442,15.0,18.0,26.0,12.0,18.0,3.0,1.0,,7.0,2026-02-25
2026-02-23,YouGov,N/A,GB,2325,18.0,18.0,24.0,14.0,17.0,3.0,1.0,,4.0,2026-02-22
2026-02-23,More in Common,N/A,GB,2015,22.0,20.0,28.0,14.0,11.0,2.0,1.0,,2.0,2026-02-20
2026-02-23,Lord Ashcroft Polls,N/A,GB,5576,17.0,20.0,22.0,11.0,19.0,3.0,1.0,,6.0,2026-02-19
2026-02-18,Find Out Now,N/A,GB,2178,16.0,16.0,28.0,10.0,18.0,3.0,2.0,,7.0,2026-02-18
2026-02-17,More in Common,N/A,GB,2108,22.0,21.0,28.0,11.0,12.0,3.0,1.0,,2.0,2026-02-13
2026-02-16,YouGov,N/A,GB,2384,19.0,18.0,24.0,13.0,17.0,3.0,1.0,,4.0,2026-02-15
2026-02-16,Good Growth Foundation,N/A,GB,2000,21.0,20.0,28.0,12.0,12.0,3.0,1.0,,3.0,2026-02-13
2026-02-12,Techne,N/A,UK,1644,17.0,19.0,30.0,14.0,15.0,2.0,,,3.0,2026-02-11
2026-02-12,Trajectory Partnership,N/A,GB,1456,23.0,19.0,31.0,10.0,9.0,4.0,0.0,,,2026-02-04
2026-02-12,JL Partners,The Sun,GB,2006,23.0,19.0,31.0,12.0,9.0,2.0,1.0,,6.0,2026-02-04
2026-02-11,Find Out Now,N/A,GB,1394,16.0,19.0,29.0,11.0,18.0,3.0,1.0,,4.0,2026-02-11
2026-02-10,More in Common,N/A,GB,2035,23.0,21.0,30.0,12.0,10.0,2.0,1.0,,2.0,2026-02-06
2026-02-09,YouGov,N/A,GB,2466,19.0,18.0,27.0,14.0,16.0,3.0,2.0,,2.0,2026-02-08
2026-02-06,Opinium,The Observer,GB,2054,23.0,16.0,31.0,10.0,13.0,2.0,1.0,,3.0,2026-02-04
2026-02-04,Find Out Now,N/A,GB,2264,16.0,18.0,31.0,11.0,18.0,2.0,1.0,,3.0,2026-02-04
2026-02-02,YouGov,The Times/Sky News,GB,2330,19.0,18.0,26.0,14.0,17.0,3.0,2.0,,2.0,2026-02-01
2025-02-02,More in Common,N/A,GB,2005,21.0,20.0,30.0,14.0,10.0,3.0,1.0,,2.0,2025-01-31
2026-02-01,Freshwater Strategy,City AM,GB,1250,17.0,22.0,30.0,14.0,14.0,2.0,,,1.0,2026-01-30
2026-01-29,BMG Research,The i Paper,GB,1513,20.0,17.0,32.0,11.0,13.0,3.0,1.0,,3.0,2026-01-28
2026-01-29,Survation,N/A,UK,1016,18.0,20.0,31.0,12.0,12.0,3.0,0.0,,4.0,2026-01-28
2026-01-28,Find Out Now,N/A,GB,1799,17.0,17.0,29.0,11.0,19.0,3.0,1.0,,3.0,2026-01-28
2026-01-27,Ipsos,N/A,GB,1104,22.0,19.0,30.0,12.0,12.0,2.0,2.0,,1.0,2026-01-22
2026-01-26,YouGov,The Times/Sky News,GB,2429,21.0,17.0,25.0,14.0,16.0,3.0,1.0,,2.0,2026-01-25
2025-01-25,More in Common,N/A,GB,2016,22.0,20.0,29.0,13.0,10.0,3.0,1.0,,3.0,2025-01-23
2026-01-23,Opinium,The Observer,GB,2050,22.0,17.0,31.0,13.0,11.0,3.0,1.0,,3.0,2026-01-21
2026-01-21,Find Out Now,N/A,GB,1385,14.0,18.0,32.0,11.0,17.0,3.0,1.0,,3.0,2026-01-21
2026-01-19,YouGov,The Times/Sky News,GB,2335,19.0,18.0,24.0,14.0,17.0,3.0,1.0,,3.0,2026-01-18
2026-01-19,Focaldata,N/A,GB,1585,21.0,20.0,26.0,14.0,10.0,3.0,1.0,,4.0,2026-01-16
2025-01-19,More in Common,N/A,GB,2007,20.0,21.0,31.0,13.0,11.0,2.0,0.0,,1.0,2025-01-16
2025-01-19,Lord Ashcroft Polls,N/A,GB,5448,18.0,21.0,25.0,11.0,18.0,3.0,1.0,,4.0,2025-01-15
2026-01-15,Techne,N/A,UK,1636,19.0,20.0,28.0,15.0,13.0,2.0,,,3.0,2026-01-14
2026-01-14,Find Out Now,N/A,GB,1592,15.0,19.0,28.0,12.0,18.0,3.0,1.0,,3.0,2026-01-14
2026-01-14,Survation,N/A,UK,1616,21.0,19.0,29.0,11.0,11.0,2.0,1.0,,4.0,2026-01-10
2025-01-13,More in Common,N/A,GB,2036,19.0,21.0,31.0,12.0,12.0,2.0,1.0,,2.0,2025-01-10
2026-01-12,YouGov,The Times/Sky News,GB,2259,19.0,20.0,24.0,16.0,14.0,4.0,1.0,,2.0,2026-01-11
2026-01-11,Freshwater Strategy,City AM,GB,1250,19.0,19.0,33.0,11.0,12.0,2.0,,,3.0,2026-01-09
2026-01-09,Opinium,The Observer,GB,2050,20.0,18.0,31.0,12.0,13.0,2.0,1.0,,3.0,2026-01-07
2026-01-09,YouGov,N/A,GB,17230,18.0,19.0,26.0,14.0,15.0,3.0,1.0,,2.0,2025-12-14
2026-01-08,Find Out Now,N/A,GB,2422,15.0,18.0,32.0,12.0,17.0,3.0,1.0,,2.0,2026-01-07
2026-01-05,YouGov,The Times/Sky News,GB,2343,17.0,19.0,26.0,16.0,15.0,4.0,1.0,,2.0,2026-01-04
2025-01-05,More in Common,N/A,GB,2021,19.0,23.0,31.0,12.0,10.0,2.0,1.0,,2.0,2025-01-02
2025-12-31,Find Out Now,N/A,GB,2930,15.0,17.0,31.0,12.0,17.0,3.0,2.0,,4.0,2025-12-31
2025-12-24,Find Out Now,N/A,GB,2879,14.0,18.0,30.0,12.0,17.0,3.0,1.0,,4.0,2025-12-24
2025-12-23,More in Common,N/A,GB,2026,21.0,22.0,28.0,13.0,9.0,3.0,1.0,,3.0,2025-12-19
2025-12-22,YouGov,N/A,GB,2266,20.0,19.0,25.0,15.0,15.0,3.0,1.0,,2.0,2025-12-21
2025-12-18,Deltapoll,The Mirror,GB,1997,20.0,19.0,30.0,14.0,10.0,3.0,1.0,,2.0,2025-12-16
2025-12-17,Find Out Now,N/A,GB,1909,14.0,18.0,33.0,11.0,17.0,2.0,1.0,,3.0,2025-12-17
2025-12-16,More in Common,N/A,GB,1582,21.0,20.0,29.0,12.0,11.0,3.0,1.0,,3.0,2025-12-12
2025-12-16,More in Common (MRP),The Times,GB,16083,20.0,21.0,31.0,11.0,12.0,3.0,1.0,,2.0,2025-11-27
2025-12-15,YouGov,N/A,GB,2322,18.0,17.0,28.0,14.0,17.0,4.0,1.0,,2.0,2025-12-14
2025-12-15,Verian,N/A,GB,1427,18.0,21.0,27.0,15.0,13.0,3.0,1.0,,2.0,2025-12-12
2025-12-15,Lord Ashcroft Polls,Mail on Sunday,GB,5196,18.0,22.0,25.0,10.0,19.0,3.0,1.0,,3.0,2025-12-11
2025-12-12,Opinium,The Observer,GB,2053,20.0,18.0,31.0,13.0,12.0,3.0,1.0,,2.0,2025-12-10
2025-12-10,Find Out Now,N/A,GB,2363,14.0,18.0,30.0,12.0,18.0,3.0,1.0,,3.0,2025-12-10
2025-12-08,YouGov,N/A,GB,2303,19.0,18.0,27.0,14.0,15.0,3.0,2.0,,2.0,2025-12-07
2025-12-08,More in Common,N/A,GB,2009,20.0,21.0,30.0,14.0,10.0,3.0,0.0,,2.0,2025-12-04
2025-12-08,Find Out Now/ Electoral Calculus (MRP),PLMR,GB,5598,17.0,21.0,31.0,11.0,12.0,3.0,1.0,,,2025-12-01
2025-12-03,Find Out Now,N/A,GB,2591,14.0,20.0,31.0,11.0,18.0,3.0,1.0,,3.0,2025-12-03
2025-12-01,YouGov,N/A,GB,2366,19.0,19.0,26.0,14.0,16.0,3.0,1.0,,2.0,2025-11-30
2025-12-01,JL Partners,The Sun,GB,1537,22.0,20.0,29.0,11.0,10.0,3.0,1.0,,4.0,2025-11-29
2025-12-01,More in Common,N/A,GB,2114,21.0,21.0,30.0,13.0,11.0,2.0,1.0,,1.0,2025-11-28
2025-11-30,Freshwater Strategy,City AM,GB,1558,19.0,20.0,31.0,15.0,12.0,2.0,,,2.0,2025-11-28
2025-11-28,Focaldata,N/A,GB,1343,20.0,18.0,29.0,13.0,12.0,3.0,1.0,,3.0,2025-11-26
2025-11-28,Opinium,The Observer,GB,2050,21.0,17.0,31.0,11.0,13.0,3.0,1.0,,3.0,2025-11-26
2025-11-27,BMG Research,The i Paper,GB,1548,22.0,20.0,30.0,12.0,12.0,2.0,1.0,,2.0,2025-11-26
2025-11-26,Find Out Now,N/A,GB,2555,15.0,18.0,31.0,12.0,17.0,3.0,1.0,,2.0,2025-11-26
2025-11-24,YouGov,The Times/Sky News,GB,2399,19.0,18.0,25.0,15.0,16.0,3.0,1.0,,3.0,2025-11-23
2025-11-24,More in Common,N/A,GB,2062,21.0,19.0,30.0,14.0,10.0,3.0,1.0,,3.0,2025-11-22
2025-11-21,Opinium,The Observer,GB,2050,19.0,17.0,32.0,13.0,12.0,3.0,1.0,,3.0,2025-11-19
2025-11-21,Focaldata,N/A,GB,1725,20.0,20.0,28.0,13.0,10.0,3.0,1.0,,4.0,2025-11-18
2025-11-19,Find Out Now,N/A,GB,2566,16.0,17.0,32.0,11.0,18.0,2.0,1.0,,3.0,2025-11-19
2025-11-20,Survation,N/A,UK,2082,22.0,18.0,29.0,12.0,11.0,2.0,1.0,,4.0,2025-11-16
2025-11-17,YouGov,The Times/Sky News,GB,2355,19.0,17.0,27.0,13.0,17.0,3.0,2.0,,2.0,2025-11-16
2025-11-17,More in Common,N/A,GB,2052,20.0,20.0,30.0,14.0,11.0,3.0,1.0,,2.0,2025-11-14
2025-11-17,Lord Ashcroft Polls,N/A,GB,5038,18.0,20.0,27.0,11.0,18.0,2.0,1.0,,3.0,2025-11-13
2025-11-12,Find Out Now,N/A,GB,2011,15.0,16.0,33.0,11.0,17.0,3.0,2.0,,3.0,2025-11-12
2025-11-10,YouGov,The Times/Sky News,GB,2366,19.0,18.0,26.0,14.0,15.0,3.0,2.0,,3.0,2025-11-09
2025-11-10,More in Common,N/A,GB,2011,20.0,19.0,31.0,14.0,12.0,2.0,1.0,,3.0,2025-11-07
2025-11-09,Freshwater Strategy,City AM,GB,1250,17.0,19.0,32.0,13.0,13.0,3.0,,,3.0,2025-11-07
2025-11-07,Opinium,The Observer,GB,2050,20.0,17.0,33.0,12.0,11.0,3.0,1.0,,3.0,2025-11-05
2025-11-06,Find Out Now,N/A,GB,2717,15.0,16.0,33.0,11.0,18.0,3.0,1.0,,3.0,2025-11-05
2025-11-05,Ipsos,N/A,GB,1148,18.0,16.0,33.0,12.0,15.0,4.0,1.0,,1.0,2025-10-30
2025-11-03,YouGov,The Times/Sky News,GB,2376,20.0,16.0,27.0,15.0,16.0,3.0,1.0,,2.0,2025-11-02
2025-11-03,More in Common,N/A,GB,2031,18.0,19.0,31.0,13.0,12.0,2.0,1.0,,3.0,2025-10-31
2025-11-02,JL Partners,The Sun,GB,1505,23.0,17.0,30.0,12.0,10.0,3.0,1.0,,5.0,2025-10-31
2025-10-29,Find Out Now,N/A,GB,3065,16.0,16.0,32.0,12.0,17.0,2.0,1.0,,3.0,2025-10-29
2025-10-27,YouGov,The Times/Sky News,GB,2389,17.0,17.0,27.0,15.0,16.0,3.0,1.0,,3.0,2025-10-26
2025-10-27,More in Common,N/A,GB,2030,21.0,18.0,33.0,12.0,11.0,2.0,1.0,,1.0,2025-10-24
2025-10-24,Opinium,The Observer,GB,2030,20.0,18.0,30.0,12.0,12.0,3.0,1.0,,4.0,2025-10-22
2025-10-23,Techne,N/A,UK,1647,19.0,18.0,29.0,16.0,12.0,3.0,,,3.0,2025-10-22
2025-10-22,Find Out Now,N/A,GB,2635,16.0,17.0,32.0,12.0,15.0,3.0,1.0,,4.0,2025-10-22
2025-10-20,YouGov,The Times/Sky News,GB,2396,20.0,17.0,26.0,15.0,15.0,4.0,1.0,,2.0,2025-10-19
2025-10-20,More in Common,N/A,GB,2084,22.0,19.0,31.0,13.0,10.0,2.0,1.0,,2.0,2025-10-17
2025-10-20,Lord Ashcroft Polls,N/A,GB,5038,19.0,19.0,28.0,10.0,17.0,2.0,1.0,,4.0,2025-10-16
2025-10-17,Focaldata,N/A,GB,2057,21.0,19.0,30.0,13.0,9.0,3.0,1.0,,5.0,2025-10-08
2025-10-15,Find Out Now,N/A,GB,2705,15.0,17.0,32.0,12.0,15.0,3.0,1.0,,4.0,2025-10-15
2025-10-13,YouGov,N/A,GB,2321,20.0,17.0,27.0,16.0,13.0,3.0,1.0,,3.0,2025-10-12
2025-10-13,More in Common,N/A,GB,2004,22.0,20.0,30.0,15.0,9.0,3.0,0.0,,2.0,2025-10-10
2025-10-10,Opinium,The Observer,GB,2050,22.0,18.0,32.0,11.0,10.0,3.0,1.0,,3.0,2025-10-08
2025-10-08,Find Out Now,N/A,GB,2668,17.0,17.0,32.0,12.0,15.0,3.0,1.0,,4.0,2025-10-08
2025-10-06,YouGov,The Times/Sky News,GB,2333,20.0,17.0,27.0,17.0,12.0,4.0,1.0,,3.0,2025-10-05
2025-10-06,More in Common,N/A,GB,2003,20.0,19.0,33.0,14.0,8.0,3.0,1.0,,3.0,2025-10-03
2025-10-05,Freshwater Strategy,City AM,GB,1251,20.0,18.0,35.0,14.0,8.0,3.0,,,2.0,2025-10-03
2025-10-03,Opinium,The Observer,GB,2050,21.0,16.0,34.0,12.0,10.0,2.0,1.0,,4.0,2025-10-01
2025-10-03,JL Partners,N/A,GB,6083,21.0,19.0,31.0,13.0,8.0,3.0,1.0,,4.0,2025-09-26
2025-10-01,Find Out Now,N/A,GB,2611,19.0,14.0,35.0,12.0,11.0,3.0,1.0,,4.0,2025-10-01
2025-10-01,Focaldata,N/A,GB,2014,21.0,20.0,29.0,14.0,10.0,2.0,1.0,,4.0,2025-09-19
2025-09-29,YouGov,The Times/Sky News,GB,2585,22.0,16.0,29.0,15.0,11.0,3.0,1.0,,3.0,2025-09-28
2025-09-29,More in Common,N/A,GB,1562,20.0,20.0,30.0,14.0,8.0,3.0,0.0,,4.0,2025-09-26
2025-09-26,Opinium,The Observer,GB,2050,22.0,17.0,32.0,14.0,7.0,3.0,1.0,,4.0,2025-09-24
2025-09-25,Survation,Daily Mail,UK,2027,22.0,17.0,34.0,11.0,8.0,3.0,1.0,,4.0,2025-09-24
2025-09-24,Find Out Now,N/A,GB,2665,17.0,14.0,33.0,16.0,12.0,3.0,1.0,,5.0,2025-09-24
2025-09-24,YouGov (MRP),The Times/Sky News,GB,13000,21.0,17.0,27.0,15.0,11.0,3.0,1.0,,5.0,2025-08-31
2025-09-22,YouGov,The Times/Sky News,GB,2348,21.0,16.0,29.0,14.0,12.0,3.0,1.0,,4.0,2025-09-21
2025-09-22,More in Common,N/A,GB,2055,25.0,20.0,28.0,13.0,8.0,2.0,0.0,,3.0,2025-09-19
2025-09-19,Opinium,The Observer,GB,2050,22.0,17.0,31.0,12.0,10.0,3.0,1.0,,4.0,2025-09-17
2025-09-18,Techne,N/A,UK,1635,20.0,19.0,30.0,15.0,9.0,3.0,,,4.0,2025-09-17
2025-09-18,Find Out Now,N/A,GB,4795,16.0,16.0,34.0,13.0,12.0,3.0,1.0,,5.0,2025-09-17
2025-09-17,Ipsos,N/A,GB,1157,22.0,14.0,34.0,12.0,12.0,2.0,1.0,,3.0,2025-09-11
2025-09-15,YouGov,The Times/Sky News,GB,2384,20.0,17.0,29.0,15.0,10.0,3.0,1.0,,4.0,2025-09-14
2025-09-15,More in Common,N/A,GB,2037,22.0,18.0,31.0,14.0,8.0,3.0,1.0,,4.0,2025-09-12
2025-09-15,Lord Ashcroft Polls,N/A,GB,5082,22.0,20.0,27.0,10.0,13.0,2.0,1.0,,6.0,2025-09-11
2025-09-10,Find Out Now,N/A,GB,2717,19.0,15.0,34.0,12.0,12.0,2.0,1.0,,6.0,2025-09-10
2025-09-08,YouGov,The Times/Sky News,GB,2500,22.0,17.0,27.0,15.0,12.0,3.0,1.0,,3.0,2025-09-07
2025-09-08,More in Common,N/A,GB,2106,21.0,18.0,32.0,13.0,8.0,3.0,1.0,,3.0,2025-09-05
2025-09-05,Opinium,The Observer,GB,2050,23.0,18.0,30.0,12.0,10.0,2.0,1.0,,4.0,2025-09-03
2025-09-04,Techne,N/A,UK,1644,21.0,18.0,31.0,14.0,10.0,2.0,,,4.0,2025-09-01
2025-09-03,Find Out Now,N/A,GB,2576,19.0,17.0,32.0,13.0,11.0,2.0,1.0,,5.0,2025-09-03
2025-09-02,Survation,N/A,UK,1818,24.0,19.0,30.0,11.0,8.0,3.0,0.0,,3.0,2025-08-28
2025-09-01,YouGov,The Times/Sky News,GB,2523,20.0,17.0,29.0,15.0,10.0,3.0,1.0,,5.0,2025-08-31
2025-09-01,More in Common,N/A,GB,2042,21.0,18.0,31.0,13.0,8.0,3.0,1.0,,6.0,2025-08-29
2025-09-01,Survation (MRP),38 Degrees,UK,8546,25.0,19.0,29.0,12.0,7.0,3.0,1.0,,,2025-08-21
2025-08-31,Freshwater Strategy,City AM,GB,1251,20.0,17.0,33.0,15.0,7.0,3.0,,,4.0,2025-08-29
2025-08-31,JL Partners,The Sun,GB,2118,22.0,18.0,32.0,12.0,7.0,2.0,1.0,,6.0,2025-08-19
2025-08-28,BMG Research,The i Paper,GB,1504,20.0,17.0,35.0,13.0,7.0,2.0,1.0,,4.0,2025-08-26
2025-08-27,Find Out Now,N/A,GB,2538,18.0,15.0,34.0,13.0,10.0,2.0,1.0,,6.0,2025-08-27
2025-08-26,YouGov,The Times/Sky News,GB,2439,20.0,17.0,28.0,16.0,11.0,3.0,1.0,,4.0,2025-08-25
2025-08-26,More in Common,N/A,GB,2032,22.0,18.0,30.0,14.0,7.0,3.0,1.0,,5.0,2025-08-22
2025-08-22,Opinium,The Observer,GB,2050,23.0,17.0,29.0,14.0,9.0,3.0,1.0,,5.0,2025-08-20
2025-08-20,Find Out Now,N/A,GB,2615,18.0,17.0,33.0,12.0,10.0,3.0,1.0,,6.0,2025-08-20
2025-08-19,Focaldata,N/A,GB,1500,24.0,18.0,29.0,14.0,8.0,2.0,1.0,,4.0,2025-08-15
2025-08-18,YouGov,The Times/Sky News,GB,2394,21.0,18.0,28.0,15.0,10.0,3.0,1.0,,4.0,2025-08-17
2025-08-18,More in Common,N/A,GB,2000,21.0,20.0,30.0,13.0,8.0,3.0,1.0,,5.0,2025-08-15
2025-08-18,Lord Ashcroft Polls,N/A,GB,5029,23.0,20.0,27.0,10.0,11.0,2.0,1.0,,7.0,2025-08-14
2025-08-14,Find Out Now,N/A,GB,2513,19.0,19.0,31.0,12.0,10.0,3.0,1.0,,6.0,2025-08-13
2025-08-11,YouGov,The Times/Sky News,GB,2501,21.0,17.0,28.0,16.0,10.0,3.0,1.0,,5.0,2025-08-10
2025-08-11,More in Common,N/A,GB,2015,22.0,22.0,30.0,13.0,6.0,2.0,0.0,,4.0,2025-08-08
2025-08-08,Opinium,The Observer,GB,2050,22.0,17.0,31.0,13.0,9.0,3.0,1.0,,4.0,2025-08-06
2025-08-06,Find Out Now,N/A,GB,2627,20.0,16.0,32.0,12.0,9.0,2.0,1.0,,7.0,2025-08-06
2025-08-04,YouGov,The Times/Sky News,GB,2472,21.0,17.0,27.0,15.0,11.0,3.0,1.0,,4.0,2025-08-03
2025-08-03,More in Common,N/A,GB,2042,22.0,18.0,31.0,14.0,7.0,3.0,1.0,,4.0,2025-08-01
2025-08-03,Freshwater Strategy,City AM,GB,1259,22.0,18.0,33.0,14.0,6.0,3.0,,,3.0,2025-08-01
2025-08-03,Stack Data Strategy (MRP),Conservative Party (alleged),GB,9301,25.0,16.0,31.0,12.0,9.0,3.0,1.0,,,2025-07-16
2025-07-31,BMG Research,The i Paper,GB,1528,23.0,18.0,32.0,13.0,8.0,2.0,1.0,,3.0,2025-07-29
2025-07-30,Find Out Now,N/A,GB,2654,20.0,17.0,30.0,13.0,9.0,2.0,1.0,,7.0,2025-07-30
2025-07-28,YouGov,The Times/Sky News,GB,2208,22.0,17.0,29.0,14.0,11.0,3.0,1.0,,4.0,2025-07-27
2025-07-28,More in Common,N/A,GB,2153,23.0,20.0,29.0,13.0,7.0,3.0,1.0,,5.0,2025-07-26
2025-07-25,Opinium,The Observer,GB,2050,25.0,17.0,32.0,13.0,8.0,3.0,1.0,,2.0,2025-07-23
2025-07-23,Find Out Now,N/A,GB,2651,20.0,16.0,34.0,14.0,10.0,3.0,1.0,,4.0,2025-07-23
2025-07-21,YouGov,The Times/Sky News,GB,2273,23.0,17.0,27.0,15.0,11.0,3.0,1.0,,3.0,2025-07-20
2025-07-20,More in Common,N/A,GB,2153,22.0,21.0,29.0,15.0,8.0,2.0,1.0,,2.0,2025-07-18
2025-07-18,JL Partners,The Telegraph,GB,2035,23.0,17.0,29.0,14.0,9.0,3.0,1.0,,5.0,2025-07-17
2025-07-18,Focaldata,N/A,GB,1271,23.0,19.0,27.0,14.0,9.0,2.0,1.0,,5.0,2025-07-14
2025-07-16,Find Out Now,N/A,GB,2603,20.0,17.0,30.0,13.0,12.0,2.0,1.0,,4.0,2025-07-16
2025-07-14,YouGov,The Times/Sky News,GB,2209,22.0,17.0,28.0,16.0,12.0,3.0,1.0,,3.0,2025-07-13
2025-07-14,More in Common,N/A,GB,2311,24.0,20.0,27.0,13.0,9.0,3.0,1.0,,3.0,2025-07-11
2025-07-11,Opinium,The Observer,GB,2052,24.0,18.0,29.0,13.0,9.0,3.0,1.0,,3.0,2025-07-09
2025-07-10,Find Out Now,MultiComms Ltd,GB,1308,21.0,16.0,34.0,11.0,11.0,3.0,1.0,,4.0,2025-07-09
2025-07-10,Techne,N/A,UK,1628,22.0,18.0,29.0,16.0,9.0,2.0,,,4.0,2025-07-09
2025-07-09,Find Out Now,N/A,GB,2651,22.0,19.0,31.0,13.0,9.0,2.0,1.0,,4.0,2025-07-09
2025-07-07,YouGov,The Times/Sky News,GB,2513,24.0,16.0,26.0,15.0,11.0,3.0,1.0,,3.0,2025-07-06
2025-07-07,More in Common,N/A,GB,2084,24.0,19.0,29.0,14.0,7.0,3.0,1.0,,3.0,2025-07-04
2025-07-07,More in Common,N/A,GB,2084,25.0,20.0,28.0,14.0,7.0,3.0,1.0,,3.0,2025-07-04
2025-07-06,Freshwater Strategy,City AM,GB,1259,23.0,19.0,31.0,16.0,6.0,3.0,,,2.0,2025-07-04
2025-07-02,Find Out Now,N/A,GB,2604,22.0,16.0,30.0,15.0,11.0,3.0,1.0,,3.0,2025-07-02
2025-06-30,YouGov,The Times/Sky News,GB,2392,24.0,17.0,26.0,16.0,10.0,3.0,1.0,,2.0,2025-06-29
2025-06-30,More in Common,N/A,GB,2532,24.0,19.0,29.0,12.0,9.0,3.0,1.0,,3.0,2025-06-27
2025-06-30,Lord Ashcroft Polls,N/A,GB,5018,23.0,20.0,27.0,11.0,13.0,3.0,1.0,,3.0,2025-06-26
2025-06-30,More in Common (MRP),N/A,GB,11282,22.0,21.0,28.0,15.0,8.0,3.0,1.0,,2.0,2025-06-13
2025-06-27,Survation,N/A,UK,1700,26.0,19.0,27.0,12.0,8.0,3.0,1.0,,4.0,2025-06-25
2025-06-27,Opinium,The Observer,GB,2050,25.0,17.0,30.0,12.0,9.0,2.0,1.0,,3.0,2025-06-25
2025-06-26,Techne,N/A,UK,1628,23.0,18.0,28.0,16.0,8.0,3.0,,,4.0,2025-06-25
2025-06-25,Find Out Now,N/A,GB,2605,22.0,18.0,30.0,13.0,11.0,3.0,1.0,,2.0,2025-06-25
2025-06-25,BMG Research,The i Paper,GB,1617,27.0,19.0,30.0,12.0,7.0,2.0,1.0,,2.0,2025-06-24
2025-06-23,YouGov,The Times/Sky News,GB,1794,23.0,17.0,27.0,16.0,10.0,3.0,1.0,,3.0,2025-06-22
2025-06-23,More in Common,N/A,GB,2004,23.0,20.0,27.0,14.0,9.0,3.0,1.0,,3.0,2025-06-20
2025-06-18,Find Out Now,N/A,GB,2628,23.0,16.0,31.0,12.0,11.0,3.0,1.0,,2.0,2025-06-18
2025-06-18,YouGov,The Times/Sky News,GB,17227,23.0,17.0,27.0,15.0,11.0,3.0,1.0,,2.0,2025-05-29
2025-06-18,YouGov (MRP),N/A,GB,11500,23.0,18.0,26.0,15.0,11.0,3.0,1.0,,2.0,2025-05-29
2025-06-17,Find Out Now/ Electoral Calculus (MRP),PLMR,GB,5444,22.0,19.0,31.0,13.0,9.0,3.0,1.0,,4.0,2025-06-10
2025-06-16,YouGov,The Times/Sky News,GB,2255,24.0,17.0,27.0,15.0,10.0,4.0,1.0,,2.0,2025-06-15
2025-06-16,More in Common,N/A,GB,2032,21.0,22.0,29.0,13.0,9.0,3.0,1.0,,4.0,2025-06-13
2025-06-13,Opinium,The Observer,GB,2050,24.0,18.0,30.0,12.0,9.0,3.0,1.0,,3.0,2025-06-11
2025-06-11,Find Out Now,N/A,GB,2651,24.0,16.0,30.0,13.0,11.0,3.0,1.0,,2.0,2025-06-11
2025-06-11,Survation,Rogan Productions,UK,2010,25.0,21.0,27.0,12.0,7.0,3.0,1.0,,4.0,2025-06-10
2025-06-09,YouGov,The Times/Sky News,GB,2196,23.0,17.0,29.0,15.0,10.0,3.0,2.0,,1.0,2025-06-08
2025-06-09,More in Common,N/A,GB,2073,24.0,20.0,28.0,14.0,7.0,3.0,1.0,,3.0,2025-06-06
2025-06-08,Freshwater Strategy,City AM,GB,1260,21.0,21.0,32.0,14.0,8.0,2.0,,,2.0,2025-06-06
2025-06-05,Techne,N/A,UK,1628,23.0,17.0,31.0,15.0,8.0,2.0,,,4.0,2025-06-04
2025-06-04,Find Out Now,N/A,GB,1962,22.0,16.0,31.0,15.0,11.0,3.0,1.0,,2.0,2025-06-04
2025-06-04,Ipsos,N/A,GB,1180,25.0,15.0,34.0,11.0,9.0,4.0,1.0,,1.0,2025-05-30
2025-06-02,YouGov,The Times/Sky News,GB,2240,22.0,18.0,28.0,17.0,9.0,3.0,1.0,,2.0,2025-06-01
2025-06-02,More in Common,N/A,GB,2016,23.0,21.0,28.0,14.0,8.0,2.0,1.0,,3.0,2025-05-30
2025-06-02,Survation,N/A,UK,916,24.0,20.0,27.0,13.0,8.0,3.0,2.0,,3.0,2025-05-30
2025-06-02,Lord Ashcroft Polls,N/A,GB,5147,23.0,18.0,27.0,13.0,13.0,2.0,1.0,,3.0,2025-05-29
2025-05-30,Opinium,The Observer,GB,2050,25.0,17.0,31.0,11.0,10.0,2.0,1.0,,2.0,2025-05-28
2025-05-29,BMG Research,The i Paper,GB,1510,24.0,18.0,31.0,13.0,9.0,3.0,0.0,,2.0,2025-05-28
2025-05-29,Techne,N/A,UK,1647,22.0,16.0,31.0,16.0,9.0,2.0,,,4.0,2025-05-28
2025-05-28,Find Out Now,N/A,GB,2447,22.0,16.0,32.0,13.0,11.0,3.0,1.0,,2.0,2025-05-28
2025-05-27,YouGov,The Times/Sky News,GB,2013,21.0,19.0,29.0,15.0,11.0,2.0,1.0,,2.0,2025-05-26
2025-05-26,More in Common,N/A,GB,2000,22.0,19.0,31.0,14.0,8.0,2.0,1.0,,3.0,2025-05-23
2025-05-22,Techne,N/A,UK,1641,22.0,17.0,30.0,16.0,9.0,2.0,,,4.0,2025-05-21
2025-05-21,Find Out Now,N/A,GB,2501,21.0,16.0,32.0,14.0,11.0,2.0,1.0,,2.0,2025-05-21
2025-05-19,YouGov,The Times/Sky News,GB,2222,22.0,16.0,29.0,17.0,10.0,2.0,1.0,,2.0,2025-05-18
2025-05-19,More in Common,N/A,GB,2090,22.0,21.0,30.0,14.0,8.0,2.0,1.0,,1.0,2025-05-16
2025-05-16,Opinium,The Observer,GB,2050,25.0,18.0,29.0,13.0,10.0,2.0,1.0,,3.0,2025-05-14
2025-05-15,Techne,N/A,UK,1645,22.0,18.0,29.0,15.0,9.0,2.0,,,5.0,2025-05-14
2025-05-14,Find Out Now,N/A,GB,2557,21.0,16.0,33.0,14.0,11.0,3.0,1.0,,2.0,2025-05-14
2025-05-12,YouGov,The Times/Sky News,GB,2310,23.0,18.0,28.0,16.0,9.0,3.0,1.0,,3.0,2025-05-11
2025-05-12,More in Common,N/A,GB,2094,25.0,20.0,28.0,14.0,8.0,2.0,1.0,,1.0,2025-05-10
2025-05-11,Freshwater Strategy,City AM,GB,1250,22.0,19.0,32.0,15.0,8.0,3.0,,,2.0,2025-05-09
2025-05-08,Techne,N/A,UK,1635,23.0,19.0,28.0,14.0,8.0,3.0,,,5.0,2025-05-07
2025-05-08,BMG Research,The i Paper,GB,1525,22.0,19.0,32.0,13.0,9.0,3.0,0.0,,2.0,2025-05-06
2025-05-07,Find Out Now,N/A,GB,2210,20.0,16.0,33.0,15.0,11.0,3.0,1.0,,1.0,2025-05-07
2025-05-06,YouGov,The Times/Sky News,GB,2187,22.0,17.0,29.0,16.0,10.0,3.0,1.0,,1.0,2025-05-05
2025-05-05,Survation,True North Advisors,UK,2032,25.0,18.0,30.0,13.0,7.0,3.0,1.0,,3.0,2025-05-02
2025-05-04,More in Common,N/A,GB,2212,23.0,21.0,27.0,15.0,8.0,3.0,1.0,,3.0,2025-05-03
2025-05-02,Opinium,The Observer,GB,2050,26.0,19.0,27.0,13.0,9.0,3.0,1.0,,2.0,2025-04-30
2025-05-02,Survation,N/A,UK,1056,26.0,22.0,26.0,12.0,7.0,3.0,0.0,,3.0,2025-04-30
2025-04-30,Find Out Now,N/A,GB,1990,21.0,19.0,29.0,13.0,11.0,3.0,1.0,,3.0,2025-04-30
2025-04-28,YouGov,The Times/Sky News,GB,2214,23.0,20.0,26.0,15.0,9.0,3.0,1.0,,2.0,2025-04-27
2025-04-27,More in Common,N/A,GB,2009,24.0,23.0,24.0,15.0,8.0,2.0,1.0,,4.0,2025-04-25
2025-04-25,Opinium,The Observer,GB,2050,26.0,21.0,26.0,11.0,9.0,3.0,1.0,,2.0,2025-04-23
2025-04-24,Techne,N/A,UK,1642,25.0,21.0,25.0,14.0,8.0,2.0,,,5.0,2025-04-23
2025-04-23,Find Out Now,N/A,GB,2139,20.0,20.0,28.0,14.0,13.0,3.0,0.0,,2.0,2025-04-23
2025-04-22,YouGov,The Times/Sky News,GB,2012,23.0,20.0,25.0,16.0,10.0,3.0,1.0,,2.0,2025-04-21
2025-04-21,More in Common,N/A,GB,2004,23.0,23.0,25.0,14.0,8.0,3.0,1.0,,4.0,2025-04-17
2025-04-16,Find Out Now,N/A,GB,2288,22.0,20.0,28.0,14.0,10.0,3.0,1.0,,3.0,2025-04-16
2025-04-14,YouGov,The Times/Sky News,GB,2399,24.0,21.0,23.0,14.0,11.0,3.0,1.0,,2.0,2025-04-13
2025-04-14,More in Common,N/A,GB,2277,24.0,23.0,24.0,14.0,8.0,3.0,1.0,,4.0,2025-04-11
2025-04-14,Focaldata,N/A,GB,1585,24.0,24.0,23.0,13.0,9.0,2.0,1.0,,4.0,2025-04-11
2025-04-14,Lord Ashcroft Polls,N/A,GB,5263,27.0,24.0,21.0,10.0,11.0,3.0,1.0,,3.0,2025-04-10
2025-04-14,Verian,N/A,GB,1285,25.0,19.0,24.0,16.0,9.0,3.0,2.0,,3.0,2025-04-08
2025-04-11,Opinium,The Observer,GB,2050,27.0,22.0,26.0,12.0,7.0,3.0,1.0,,3.0,2025-04-09
2025-04-10,Techne,N/A,UK,1644,24.0,22.0,24.0,15.0,8.0,2.0,,,5.0,2025-04-09
2025-04-09,Find Out Now,N/A,GB,2546,22.0,21.0,26.0,14.0,11.0,3.0,1.0,,3.0,2025-04-09
2025-04-07,YouGov,The Times/Sky News,GB,2402,24.0,22.0,23.0,17.0,9.0,3.0,1.0,,2.0,2025-04-06
2025-04-07,More in Common,N/A,GB,2058,24.0,23.0,24.0,17.0,7.0,2.0,0.0,,1.0,2025-04-04
2025-04-06,Freshwater Strategy,City AM,GB,1250,22.0,27.0,28.0,14.0,5.0,2.0,,,3.0,2025-04-04
2025-04-03,Techne,N/A,UK,1631,24.0,23.0,24.0,13.0,8.0,3.0,,,5.0,2025-04-02
2025-04-02,Find Out Now,N/A,GB,2768,22.0,20.0,28.0,13.0,11.0,3.0,1.0,,3.0,2025-04-02
2025-04-01,More in Common (MRP),N/A,GB,16176,24.0,24.0,24.0,13.0,8.0,2.0,1.0,,4.0,2025-03-14
2025-03-31,YouGov,The Times/Sky News,GB,2392,24.0,21.0,23.0,14.0,11.0,3.0,1.0,,3.0,2025-03-30
2025-03-31,More in Common,N/A,GB,2081,21.0,26.0,25.0,13.0,7.0,2.0,1.0,,4.0,2025-03-28
2025-03-28,Opinium,The Observer,GB,2050,26.0,22.0,26.0,12.0,8.0,3.0,1.0,,2.0,2025-03-26
2025-03-28,Find Out Now/ Electoral Calculus (MRP),PLMR,GB,5180,24.0,22.0,27.0,12.0,10.0,3.0,1.0,,3.0,2025-03-21
2025-03-27,BMG Research,The i Paper,GB,1544,26.0,24.0,23.0,14.0,8.0,3.0,1.0,,1.0,2025-03-26
2025-03-27,Techne,N/A,UK,1642,25.0,23.0,24.0,14.0,8.0,2.0,,,4.0,2025-03-26
2025-03-26,Find Out Now,N/A,GB,2745,23.0,22.0,26.0,12.0,11.0,3.0,1.0,,2.0,2025-03-26
2025-03-24,YouGov,The Times/Sky News,GB,2333,23.0,22.0,22.0,16.0,10.0,3.0,1.0,,3.0,2025-03-23
2025-03-24,More in Common,N/A,GB,2432,24.0,25.0,24.0,12.0,10.0,3.0,1.0,,3.0,2025-03-22
2025-03-21,Opinium,The Observer,GB,2078,26.0,21.0,26.0,13.0,8.0,3.0,1.0,,3.0,2025-03-19
2025-03-20,Techne,N/A,UK,1644,27.0,23.0,23.0,14.0,7.0,2.0,,,4.0,2025-03-19
2025-03-19,Find Out Now,N/A,GB,2770,22.0,21.0,27.0,14.0,11.0,3.0,1.0,,2.0,2025-03-19
2025-03-17,YouGov,The Times/Sky News,GB,2315,26.0,22.0,24.0,14.0,9.0,3.0,1.0,,2.0,2025-03-16
2025-03-17,Deltapoll,N/A,GB,1974,25.0,25.0,23.0,11.0,9.0,3.0,1.0,,2.0,2025-03-14
2025-03-17,More in Common,N/A,GB,2432,25.0,24.0,25.0,12.0,7.0,2.0,1.0,,4.0,2025-03-14
2025-03-17,Lord Ashcroft Polls,N/A,GB,5111,30.0,24.0,19.0,9.0,11.0,2.0,1.0,,4.0,2025-03-13
2025-03-13,Techne,N/A,UK,1638,27.0,22.0,24.0,14.0,7.0,2.0,,,4.0,2025-03-12
2025-03-12,Find Out Now,N/A,GB,2686,24.0,21.0,27.0,11.0,10.0,3.0,1.0,,2.0,2025-03-12
2025-03-10,YouGov,The Times/Sky News,GB,2291,24.0,22.0,23.0,15.0,9.0,3.0,1.0,,3.0,2025-03-09
2025-03-10,More in Common,N/A,GB,2041,25.0,23.0,25.0,14.0,8.0,2.0,1.0,,2.0,2025-03-07
2025-03-09,JL Partners,The Sun,GB,2012,26.0,24.0,23.0,14.0,7.0,3.0,1.0,,3.0,2025-03-06
2025-03-07,Opinium,The Observer,GB,1498,28.0,20.0,27.0,12.0,8.0,3.0,1.0,,2.0,2025-03-05
2025-03-06,Techne,N/A,UK,1632,28.0,21.0,25.0,13.0,7.0,2.0,,,4.0,2025-03-05
2025-03-05,Find Out Now,N/A,GB,2670,25.0,21.0,26.0,12.0,10.0,3.0,1.0,,2.0,2025-03-05
2025-03-03,YouGov,The Times,GB,2222,26.0,21.0,25.0,14.0,9.0,3.0,1.0,,2.0,2025-03-02
2025-03-02,Freshwater Strategy,City AM,GB,1215,24.0,23.0,27.0,15.0,7.0,3.0,,,2.0,2025-03-01
2025-03-02,More in Common,N/A,GB,2010,26.0,24.0,24.0,13.0,7.0,2.0,1.0,,2.0,2025-02-28
2025-02-28,Focaldata,N/A,GB,1008,24.0,22.0,21.0,14.0,8.0,3.0,1.0,,5.0,2025-02-26
2025-02-27,Techne,N/A,UK,1643,26.0,22.0,25.0,13.0,8.0,2.0,,,4.0,2025-02-26
2025-02-26,Find Out Now,N/A,GB,3363,23.0,21.0,28.0,13.0,10.0,3.0,1.0,,1.0,2025-02-26
2025-02-26,BMG Research,The i Paper,GB,1586,26.0,22.0,27.0,12.0,8.0,3.0,1.0,,1.0,2025-02-25
2025-02-24,YouGov,Sky News / The Times,GB,2415,24.0,22.0,25.0,16.0,8.0,3.0,1.0,,2.0,2025-02-23
2025-02-24,More in Common,N/A,GB,2013,23.0,25.0,24.0,16.0,8.0,2.0,0.0,,2.0,2025-02-21
2025-02-21,Opinium,The Observer,GB,2050,28.0,21.0,26.0,12.0,8.0,3.0,0.0,,2.0,2025-02-19
2025-02-20,Techne,N/A,UK,1639,25.0,22.0,26.0,12.0,7.0,3.0,,,5.0,2025-02-19
2025-02-19,Find Out Now,N/A,GB,2393,24.0,20.0,28.0,12.0,10.0,2.0,1.0,,2.0,2025-02-19
2025-02-18,More in Common,N/A,GB,4101,25.0,23.0,26.0,12.0,7.0,2.0,1.0,,3.0,2025-02-14
2025-02-17,YouGov,N/A,GB,2436,25.0,21.0,27.0,14.0,9.0,3.0,1.0,,1.0,2025-02-16
2025-02-17,Lord Ashcroft Polls,N/A,GB,5099,27.0,23.0,23.0,9.0,11.0,2.0,1.0,,3.0,2025-02-13
2025-02-13,Techne,N/A,UK,1637,26.0,22.0,25.0,12.0,8.0,2.0,,,5.0,2025-02-12
2025-02-12,Find Out Now,N/A,GB,3421,23.0,21.0,29.0,12.0,9.0,3.0,1.0,,2.0,2025-02-12
2025-02-10,YouGov,N/A,GB,2419,25.0,21.0,26.0,14.0,9.0,3.0,1.0,,1.0,2025-02-09
2025-02-10,More in Common,N/A,GB,2005,25.0,23.0,25.0,12.0,8.0,2.0,1.0,,3.0,2025-02-07
2025-02-07,Opinium,The Observer,GB,1493,27.0,22.0,26.0,11.0,8.0,3.0,1.0,,2.0,2025-02-05
2025-02-06,Techne,N/A,UK,1645,25.0,23.0,25.0,13.0,7.0,2.0,,,5.0,2025-02-05
2025-02-05,Find Out Now,N/A,GB,2487,25.0,18.0,29.0,13.0,10.0,3.0,1.0,,2.0,2025-02-05
2025-02-03,YouGov,Sky News,GB,2465,24.0,21.0,25.0,14.0,9.0,3.0,1.0,,2.0,2025-02-02
2025-02-03,More in Common,N/A,GB,2044,24.0,26.0,24.0,13.0,6.0,3.0,1.0,,3.0,2025-01-31
2025-02-02,Freshwater Strategy,City AM,GB,1200,29.0,28.0,22.0,9.0,7.0,3.0,,,2.0,2025-01-31
2025-01-30,Techne,N/A,UK,1633,26.0,23.0,24.0,12.0,7.0,3.0,,,5.0,2025-01-29
2025-01-29,Find Out Now,N/A,GB,2487,23.0,21.0,27.0,11.0,10.0,3.0,1.0,,3.0,2025-01-29
2025-01-29,BMG Research,The i Paper,GB,1514,25.0,25.0,24.0,14.0,8.0,3.0,1.0,,1.0,2025-01-28
2025-01-29,Survation,N/A,UK,1670,27.0,22.0,24.0,13.0,8.0,3.0,1.0,,4.0,2025-01-28
2025-01-27,YouGov,The Times,GB,2523,27.0,22.0,23.0,14.0,9.0,3.0,1.0,,2.0,2025-01-26
2025-01-27,More in Common,N/A,GB,2009,25.0,24.0,25.0,13.0,7.0,2.0,1.0,,3.0,2025-01-24
2025-01-29,Find Out Now/ Electoral Calculus (MRP),PLMR,GB,5743,23.0,23.0,24.0,11.0,8.0,3.0,1.0,,6.0,2025-01-22
2025-01-24,Opinium,The Observer,GB,2050,28.0,21.0,27.0,11.0,8.0,3.0,1.0,,2.0,2025-01-22
2025-01-23,Whitestone Insight,Daily Express,GB,2012,25.0,20.0,24.0,12.0,13.0,3.0,1.0,,2.0,2025-01-22
2025-01-23,Techne,N/A,UK,1643,25.0,24.0,24.0,13.0,7.0,2.0,,,5.0,2025-01-22
2025-01-22,Find Out Now,N/A,GB,2380,22.0,23.0,26.0,12.0,10.0,3.0,1.0,,3.0,2025-01-22
2025-01-20,YouGov,The Times,GB,2466,26.0,22.0,24.0,14.0,9.0,3.0,1.0,,2.0,2025-01-19
2025-01-20,More in Common,N/A,GB,2016,24.0,25.0,25.0,12.0,7.0,3.0,1.0,,3.0,2025-01-17
2025-01-20,Deltapoll,Institute for Government,GB,1500,29.0,25.0,22.0,11.0,8.0,3.0,,,2.0,2025-01-17
2025-01-20,Lord Ashcroft Polls,N/A,GB,5251,28.0,25.0,20.0,11.0,9.0,3.0,0.0,,3.0,2025-01-16
2025-01-16,Techne,N/A,UK,1624,26.0,25.0,23.0,12.0,7.0,2.0,,,5.0,2025-01-15
2025-01-15,Find Out Now,N/A,GB,2386,24.0,25.0,25.0,12.0,10.0,3.0,1.0,,2.0,2025-01-15
2025-01-14,JL Partners,The Sunday Times,GB,2007,26.0,25.0,22.0,13.0,9.0,2.0,1.0,,3.0,2025-01-10
2025-01-13,YouGov,The Times,GB,2279,26.0,22.0,25.0,14.0,8.0,3.0,1.0,,2.0,2025-01-12
2025-01-13,More in Common,N/A,GB,1587,24.0,25.0,24.0,12.0,8.0,3.0,1.0,,3.0,2025-01-10
2025-01-10,Opinium,The Observer,GB,2050,29.0,23.0,24.0,10.0,9.0,2.0,1.0,,2.0,2025-01-08
2025-01-08,Find Out Now,N/A,GB,2076,25.0,20.0,25.0,11.0,11.0,3.0,1.0,,2.0,2025-01-08
2025-01-08,More in Common,N/A,GB,2011,26.0,26.0,22.0,12.0,7.0,3.0,1.0,,2.0,2025-01-06
2025-01-06,Freshwater Strategy,City AM,GB,1207,28.0,29.0,23.0,12.0,5.0,3.0,,,1.0,2025-01-04
2025-01-03,Deltapoll,Mail on Sunday,GB,1532,30.0,23.0,22.0,12.0,9.0,3.0,1.0,,1.0,2024-12-30
2024-12-23,Deltapoll,The Mirror,GB,1552,29.0,25.0,21.0,12.0,8.0,4.0,0.0,,1.0,2024-12-19
2024-12-20,Opinium,The Observer,GB,1472,29.0,23.0,22.0,11.0,10.0,3.0,1.0,,2.0,2024-12-18
2024-12-19,Techne,N/A,UK,1642,27.0,26.0,21.0,12.0,7.0,2.0,,,5.0,2024-12-18
2024-12-16,Survation,N/A,UK,2030,30.0,25.0,20.0,11.0,7.0,2.0,1.0,,2.0,2024-12-12
2024-12-12,Techne,N/A,UK,1634,27.0,25.0,22.0,11.0,7.0,2.0,,,6.0,2024-12-11
2024-12-11,Find Out Now,N/A,GB,2659,26.0,23.0,25.0,11.0,9.0,3.0,1.0,,2.0,2024-12-11
2024-12-10,More in Common,N/A,GB,2432,26.0,26.0,19.0,13.0,8.0,3.0,1.0,,4.0,2024-12-06
2024-12-09,Stonehaven (MRP),N/A,GB,2072,28.0,24.0,21.0,13.0,8.0,3.0,1.0,,2.0,2024-12-06
2024-12-06,Techne,N/A,UK,1644,27.0,25.0,21.0,12.0,7.0,2.0,,,6.0,2024-12-05
2024-12-04,Find Out Now,N/A,GB,2607,23.0,26.0,24.0,11.0,9.0,3.0,1.0,,2.0,2024-12-04
2024-12-02,More in Common,N/A,GB,2002,26.0,28.0,21.0,13.0,7.0,3.0,1.0,,2.0,2024-11-29
2024-11-29,Opinium,The Observer,GB,2050,29.0,25.0,21.0,10.0,9.0,3.0,1.0,,2.0,2024-11-27
2024-11-28,Techne,N/A,UK,1648,28.0,27.0,18.0,13.0,6.0,2.0,,,6.0,2024-11-27
2024-11-27,Find Out Now,N/A,GB,2316,25.0,27.0,22.0,12.0,9.0,3.0,1.0,,2.0,2024-11-27
2024-11-27,BMG Research,The i Paper,GB,1531,29.0,27.0,20.0,12.0,7.0,3.0,0.0,,2.0,2024-11-26
2024-11-27,More in Common,N/A,GB,1972,27.0,30.0,18.0,12.0,8.0,2.0,1.0,,2.0,2024-11-26
2024-11-21,Techne,N/A,UK,1632,29.0,27.0,17.0,12.0,7.0,2.0,,,6.0,2024-11-20
2024-11-21,More in Common,N/A,GB,2002,25.0,28.0,19.0,13.0,8.0,3.0,1.0,,3.0,2024-11-19
2024-11-18,Deltapoll,N/A,GB,1749,29.0,27.0,18.0,12.0,8.0,4.0,1.0,,1.0,2024-11-14
2024-11-14,JL Partners,The Sun / Politico,GB,2024,27.0,26.0,20.0,12.0,9.0,3.0,,,3.0,2024-11-13
2024-11-14,Techne,N/A,GB,1643,28.0,27.0,17.0,13.0,7.0,2.0,,,6.0,2024-11-13
2024-11-13,Opinium,The Observer,GB,1646,30.0,24.0,21.0,12.0,8.0,3.0,1.0,,1.0,2024-11-11
2024-11-11,More in Common,N/A,GB,2007,27.0,29.0,19.0,11.0,8.0,2.0,1.0,,4.0,2024-11-08
2024-11-07,Techne,N/A,UK,1636,29.0,25.0,18.0,13.0,7.0,2.0,,,6.0,2024-11-06
2024-11-01,More in Common,N/A,GB,2007,28.0,26.0,18.0,14.0,8.0,3.0,1.0,,3.0,2024-10-30
2024-10-31,Opinium,The Observer,GB,1548,31.0,24.0,20.0,10.0,10.0,2.0,0.0,,3.0,2024-10-30
2024-10-31,BMG Research,The i Paper,GB,1511,28.0,29.0,17.0,13.0,8.0,2.0,1.0,,2.0,2024-10-30
2024-10-31,Techne,N/A,UK,1632,30.0,24.0,18.0,14.0,7.0,2.0,,,5.0,2024-10-30
2024-10-24,Techne,N/A,UK,1644,29.0,24.0,19.0,13.0,7.0,2.0,,,6.0,2024-10-23
2024-10-18,Opinium,The Observer,GB,1565,31.0,24.0,20.0,12.0,8.0,2.0,1.0,,2.0,2024-10-16
2024-10-17,Techne,N/A,UK,1636,28.0,25.0,19.0,13.0,7.0,2.0,,,6.0,2024-10-16
2024-10-13,JL Partners,The Telegraph,GB,2000,29.0,25.0,19.0,14.0,7.0,2.0,1.0,,2.0,2024-10-11
2024-10-10,Techne,N/A,UK,1651,29.0,24.0,19.0,12.0,7.0,2.0,,,7.0,2024-10-09
2024-10-10,More in Common,The Times,GB,2000,27.0,27.0,21.0,13.0,7.0,2.0,1.0,,1.0,2024-10-09
2024-10-07,More in Common,Politico,GB,2023,29.0,28.0,19.0,11.0,7.0,2.0,0.0,,3.0,2024-10-05
2024-10-07,Deltapoll,N/A,GB,2108,29.0,25.0,18.0,14.0,8.0,4.0,1.0,,1.0,2024-10-04
2024-10-04,Opinium,The Observer,GB,1491,31.0,24.0,20.0,11.0,8.0,3.0,,,2.0,2024-10-02
2024-10-03,BMG Research,i,GB,1562,30.0,25.0,20.0,13.0,7.0,3.0,0.0,,1.0,2024-10-02
2024-10-03,Techne,N/A,UK,1643,31.0,23.0,18.0,13.0,7.0,2.0,,,6.0,2024-10-02
2024-09-26,Techne,N/A,UK,1638,32.0,22.0,18.0,13.0,7.0,2.0,,,6.0,2024-09-25
2024-09-25,More in Common,N/A,GB,2080,30.0,26.0,18.0,13.0,8.0,3.0,1.0,,2.0,2024-09-24
2024-09-23,Verian,N/A,GB,1258,31.0,26.0,17.0,13.0,7.0,2.0,1.0,,2.0,2024-09-18
2024-09-19,Techne,The Independent,UK,1641,33.0,21.0,18.0,13.0,7.0,2.0,,,6.0,2024-09-18
2024-09-12,More in Common,Politico,GB,1542,29.0,25.0,18.0,14.0,8.0,3.0,1.0,,4.0,2024-09-10
2024-08-29,BMG Research,i,GB,1560,30.0,26.0,19.0,12.0,8.0,3.0,1.0,,2.0,2024-08-29
2024-08-08,We Think,N/A,GB,1278,33.0,20.0,21.0,11.0,8.0,3.0,1.0,,4.0,2024-08-07
2024-08-07,BMG Research,i,GB,1523,33.0,24.0,18.0,12.0,8.0,2.0,0.0,,2.0,2024-08-05
2024-08-05,Stonehaven,N/A,GB,2048,32.0,21.0,16.0,11.0,9.0,2.0,1.0,,7.0,2024-07-30
2024-07-26,We Think,N/A,GB,2012,36.0,22.0,17.0,11.0,7.0,2.0,1.0,,4.0,2024-07-25
2024-07-12,We Think,N/A,GB,2005,39.0,20.0,16.0,11.0,9.0,2.0,,,3.0,2024-07-11
